Lattice Timing Report -  Setup  and Hold, Version Radiant Software (64-bit) 2026.1.0.37.0

Tue Sep  8 23:31:51 2026

Copyright (c) 1991-1994 by NeoCAD Inc. All rights reserved.
Copyright (c) 1995 AT&T Corp.   All rights reserved.
Copyright (c) 1995-2001 Lucent Technologies Inc.  All rights reserved.
Copyright (c) 2001 Agere Systems   All rights reserved.
Copyright (c) 2002-2026 Lattice Semiconductor Corporation,  All rights reserved.

Command line:    timing -sethld -v 10 -u 10 -endpoints 10 -nperend 1 -sp High-Performance_1.2V -hsp m -pwrprd -html -rpt lab1_ei_impl_1.twr lab1_ei_impl_1.udb -gui -msgset C:/Users/eing/Documents/GitHub/e155-lab1/fpga/lab1_ei/promote.xml

-----------------------------------------
Design:          lab1_ei
Family:          iCE40UP
Device:          iCE40UP5K
Package:         SG48
Performance:     High-Performance_1.2V
Package Status:                     Preliminary    Version 1.5
**Performance Hardware Data Status :   Advanced Version 1.0
-----------------------------------------


=====================================================================
                    Table of Contents
=====================================================================
    1  Timing Overview
        1.1  SDC Constraints
        1.2  Constraint Coverage
        1.3  Overall Summary
        1.4  Unconstrained Report
        1.5  Combinational Loop
    2  Setup at Speed Grade High-Performance_1.2V Corner at 100 Degrees
        2.1  Clock Summary
        2.2  Endpoint slacks
        2.3  Detailed Report
    3  Hold at Speed Grade m Corner at -40 Degrees
        3.1  Endpoint slacks
        3.2  Detailed Report

=====================================================================
                    End of Table of Contents
=====================================================================

==============================================
1  Timing Overview
==============================================

1.1  SDC Constraints
=====================
create_clock -name {clk_c} -period 20.8333 [get_pins {hf_osc/CLKHF }] 

1.2  Constraint Coverage
---------------------------
Constraint Coverage: 71.5026%


1.3  Overall Summary
---------------------------
 Setup at Speed Grade High-Performance_1.2V Corner at 100 Degrees     Timing Errors: 0 endpoints;  Total Negative Slack: 0.000 ns 
 Hold at Speed Grade m Corner at -40 Degrees                          Timing Errors: 0 endpoints;  Total Negative Slack: 0.000 ns 

1.4  Unconstrained Report
===========================

1.4.1  Unconstrained Start/End Points
--------------------------------------

Clocked but unconstrained timing start points
--------------------------------------------------
There is no start point satisfying reporting criteria


Clocked but unconstrained timing end points
-------------------------------------------------------------------
          Listing 1 End Points          |           Type           
-------------------------------------------------------------------
lab1_counter_ei_inst/led_state/SR       |           No arrival time
-------------------------------------------------------------------
                                        |                          
Number of unconstrained timing end poin |                          
ts                                      |                         1
                                        |                          
-------------------------------------------------------------------

1.4.2  Start/End Points Without Timing Constraints
---------------------------------------------------

I/O ports without constraint
----------------------------
Possible constraints to use on I/O ports are:
set_input_delay,
set_output_delay,
set_max_delay,
create_clock,
create_generated_clock,
...

-------------------------------------------------------------------
     Listing 10 Start or End Points     |           Type           
-------------------------------------------------------------------
s[3]                                    |                     input
s[2]                                    |                     input
s[1]                                    |                     input
s[0]                                    |                     input
reset                                   |                     input
seg[6]                                  |                    output
seg[5]                                  |                    output
seg[4]                                  |                    output
seg[3]                                  |                    output
seg[2]                                  |                    output
-------------------------------------------------------------------
                                        |                          
Number of I/O ports without constraint  |                        16
                                        |                          
-------------------------------------------------------------------

Nets without clock definition
Define a clock on a top level port or a generated clock on a clock divider pin associated with this net(s).
--------------------------------------------------
There is no instance satisfying reporting criteria



1.5  Combinational Loop
========================
None

===============================================================
2  Setup at Speed Grade High-Performance_1.2V Corner at 100 Degrees
===============================================================

2.1  Clock Summary
=======================

2.1.1 Clock "clk_c"
=======================
create_clock -name {clk_c} -period 20.8333 [get_pins {hf_osc/CLKHF }] 

Single Clock Domain
-------------------------------------------------------------------------------------------------------
              Clock clk_c               |                    |       Period       |     Frequency      
-------------------------------------------------------------------------------------------------------
 From clk_c                             |             Target |          20.833 ns |         48.000 MHz 
                                        | Actual (all paths) |          20.792 ns |         48.095 MHz 
hf_osc/CLKHF (MPW)                      |   (50% duty cycle) |          20.792 ns |         48.095 MHz 
-------------------------------------------------------------------------------------------------------

Clock Domain Crossing

2.2  Endpoint slacks
=======================
-------------------------------------------------------
          Listing 10 End Points          |    Slack    
-------------------------------------------------------
{lab1_counter_ei_inst/counter_47__i8/SR   lab1_counter_ei_inst/counter_47__i9/SR}              
                                         |    6.029 ns 
{lab1_counter_ei_inst/counter_47__i10/SR   lab1_counter_ei_inst/counter_47__i11/SR}              
                                         |    6.029 ns 
{lab1_counter_ei_inst/counter_47__i12/SR   lab1_counter_ei_inst/counter_47__i13/SR}              
                                         |    6.029 ns 
{lab1_counter_ei_inst/counter_47__i14/SR   lab1_counter_ei_inst/counter_47__i15/SR}              
                                         |    6.029 ns 
{lab1_counter_ei_inst/counter_47__i4/SR   lab1_counter_ei_inst/counter_47__i5/SR}              
                                         |    6.544 ns 
{lab1_counter_ei_inst/counter_47__i6/SR   lab1_counter_ei_inst/counter_47__i7/SR}              
                                         |    6.544 ns 
{lab1_counter_ei_inst/counter_47__i16/SR   lab1_counter_ei_inst/counter_47__i17/SR}              
                                         |    6.544 ns 
{lab1_counter_ei_inst/counter_47__i18/SR   lab1_counter_ei_inst/counter_47__i19/SR}              
                                         |    6.544 ns 
{lab1_counter_ei_inst/counter_47__i20/SR   lab1_counter_ei_inst/counter_47__i21/SR}              
                                         |    6.544 ns 
{lab1_counter_ei_inst/counter_47__i22/SR   lab1_counter_ei_inst/counter_47__i23/SR}              
                                         |    6.544 ns 
-------------------------------------------------------
                                         |             
Setup # of endpoints with negative slack:|           0 
                                         |             
-------------------------------------------------------

2.3  Detailed Report
=======================


XXXXXXXXXXXXXXXXXXXXXXXXXXXXXXXXXXXXXXXXXXXXXXXXXXXXXXXXXX

Detail report of critical paths

XXXXXXXXXXXXXXXXXXXXXXXXXXXXXXXXXXXXXXXXXXXXXXXXXXXXXXXXXX

+++++++++++++++++++++++++++++++++++++++++++++++++++++++++++++++++++++ 
                    Detailed Report for timing paths 
+++++++++++++++++++++++++++++++++++++++++++++++++++++++++++++++++++++ 

++++ Path 1 ++++++++++++++++++++++++++++++++++++++++++++++++++++++++++ 

Path Begin       : lab1_counter_ei_inst/counter_47__i10/Q  (SLICE_R10C22B)
Path End         : {lab1_counter_ei_inst/counter_47__i8/SR   lab1_counter_ei_inst/counter_47__i9/SR}  (SLICE_R10C22A)
Source Clock     : clk_c (R)
Destination Clock: clk_c (R)
Logic Level      : 8
Delay Ratio      : 67.3% (route), 32.7% (logic)
Clock Skew       : 0.000 ns 
Setup Constraint : 20.833 ns 
Path Slack       : 6.029 ns  (Passed)


Source Clock Path
Name                                      Cell/Site Name     Delay Name       Incr      Arrival/Required Time  Fanout  
----------------------------------------  -----------------  ---------------  --------  ---------------------  ------  
hf_osc/CLKHF                              HFOSC_HFOSC_R1C32  CLOCK LATENCY       0.000                  0.000  16      
lab1_counter_ei_inst/clk_c                                   NET DELAY           5.499                  5.499  16      
{lab1_counter_ei_inst/counter_47__i10/CK   lab1_counter_ei_inst/counter_47__i11/CK}
                                                             CLOCK PIN           0.000                  5.499  1       


Data Path
Name                                      Cell/Site Name     Delay Name       Incr      Arrival/Required Time  Fanout  
----------------------------------------  -----------------  ---------------  --------  ---------------------  ------  
lab1_counter_ei_inst/counter_47__i10/CK->lab1_counter_ei_inst/counter_47__i10/Q
                                          SLICE_R10C22B      CLK_TO_Q0_DELAY     1.388                  6.887  2       
lab1_counter_ei_inst/counter[9]                              NET DELAY           2.075                  8.962  2       
lab1_counter_ei_inst/i1_3_lut/A->lab1_counter_ei_inst/i1_3_lut/Z
                                          SLICE_R9C23A       B0_TO_F0_DELAY      0.476                  9.438  1       
lab1_counter_ei_inst/n4_adj_34                               NET DELAY           0.304                  9.742  1       
lab1_counter_ei_inst/i40_4_lut/D->lab1_counter_ei_inst/i40_4_lut/Z
                                          SLICE_R9C23A       C1_TO_F1_DELAY      0.476                 10.218  1       
lab1_counter_ei_inst/n26                                     NET DELAY           0.304                 10.522  1       
lab1_counter_ei_inst/i37_4_lut/D->lab1_counter_ei_inst/i37_4_lut/Z
                                          SLICE_R9C23B       C0_TO_F0_DELAY      0.476                 10.998  1       
lab1_counter_ei_inst/n32                                     NET DELAY           0.304                 11.302  1       
lab1_counter_ei_inst/i3_4_lut/A->lab1_counter_ei_inst/i3_4_lut/Z
                                          SLICE_R9C23B       C1_TO_F1_DELAY      0.476                 11.778  1       
lab1_counter_ei_inst/n276                                    NET DELAY           0.304                 12.082  1       
lab1_counter_ei_inst/i1_4_lut/D->lab1_counter_ei_inst/i1_4_lut/Z
                                          SLICE_R9C23C       C0_TO_F0_DELAY      0.476                 12.558  1       
lab1_counter_ei_inst/n4                                      NET DELAY           0.304                 12.862  1       
lab1_counter_ei_inst/i25_4_lut/D->lab1_counter_ei_inst/i25_4_lut/Z
                                          SLICE_R9C23C       C1_TO_F1_DELAY      0.449                 13.311  2       
lab1_counter_ei_inst/n4_adj_33                               NET DELAY           2.168                 15.479  2       
lab1_counter_ei_inst/i46_2_lut/A->lab1_counter_ei_inst/i46_2_lut/Z
                                          SLICE_R9C23D       D1_TO_F1_DELAY      0.449                 15.928  13      
lab1_counter_ei_inst/n51                                     NET DELAY           3.846                 19.774  13      
{lab1_counter_ei_inst/counter_47__i8/SR   lab1_counter_ei_inst/counter_47__i9/SR}
                                                             ENDPOINT            0.000                 19.774  1       


Destination Clock Path
Name                                      Cell/Site Name     Delay Name       Incr      Arrival/Required Time  Fanout  
----------------------------------------  -----------------  ---------------  --------  ---------------------  ------  
                                                             CONSTRAINT          0.000                 20.833  1       
hf_osc/CLKHF                              HFOSC_HFOSC_R1C32  CLOCK LATENCY       0.000                 20.833  16      
lab1_counter_ei_inst/clk_c                                   NET DELAY           5.499                 26.332  16      
{lab1_counter_ei_inst/counter_47__i8/CK   lab1_counter_ei_inst/counter_47__i9/CK}
                                                             CLOCK PIN           0.000                 26.332  1       
                                                             Uncertainty      -(0.000)                 26.332  
                                                             Setup time       -(0.529)                 25.803  
----------------------------------------  -----------------  ---------------  --------  ---------------------  ------  
Required Time                                                                                          25.803  
Arrival Time                                                                                        -(19.773)  
----------------------------------------  -----------------  ---------------  --------  ---------------------  ------  
Path Slack  (Passed)                                                                                    6.029  




++++ Path 2 ++++++++++++++++++++++++++++++++++++++++++++++++++++++++++ 

Path Begin       : lab1_counter_ei_inst/counter_47__i10/Q  (SLICE_R10C22B)
Path End         : {lab1_counter_ei_inst/counter_47__i10/SR   lab1_counter_ei_inst/counter_47__i11/SR}  (SLICE_R10C22B)
Source Clock     : clk_c (R)
Destination Clock: clk_c (R)
Logic Level      : 8
Delay Ratio      : 67.3% (route), 32.7% (logic)
Clock Skew       : 0.000 ns 
Setup Constraint : 20.833 ns 
Path Slack       : 6.029 ns  (Passed)


Source Clock Path
Name                                      Cell/Site Name     Delay Name       Incr      Arrival/Required Time  Fanout  
----------------------------------------  -----------------  ---------------  --------  ---------------------  ------  
hf_osc/CLKHF                              HFOSC_HFOSC_R1C32  CLOCK LATENCY       0.000                  0.000  16      
lab1_counter_ei_inst/clk_c                                   NET DELAY           5.499                  5.499  16      
{lab1_counter_ei_inst/counter_47__i10/CK   lab1_counter_ei_inst/counter_47__i11/CK}
                                                             CLOCK PIN           0.000                  5.499  1       


Data Path
Name                                      Cell/Site Name     Delay Name       Incr      Arrival/Required Time  Fanout  
----------------------------------------  -----------------  ---------------  --------  ---------------------  ------  
lab1_counter_ei_inst/counter_47__i10/CK->lab1_counter_ei_inst/counter_47__i10/Q
                                          SLICE_R10C22B      CLK_TO_Q0_DELAY     1.388                  6.887  2       
lab1_counter_ei_inst/counter[9]                              NET DELAY           2.075                  8.962  2       
lab1_counter_ei_inst/i1_3_lut/A->lab1_counter_ei_inst/i1_3_lut/Z
                                          SLICE_R9C23A       B0_TO_F0_DELAY      0.476                  9.438  1       
lab1_counter_ei_inst/n4_adj_34                               NET DELAY           0.304                  9.742  1       
lab1_counter_ei_inst/i40_4_lut/D->lab1_counter_ei_inst/i40_4_lut/Z
                                          SLICE_R9C23A       C1_TO_F1_DELAY      0.476                 10.218  1       
lab1_counter_ei_inst/n26                                     NET DELAY           0.304                 10.522  1       
lab1_counter_ei_inst/i37_4_lut/D->lab1_counter_ei_inst/i37_4_lut/Z
                                          SLICE_R9C23B       C0_TO_F0_DELAY      0.476                 10.998  1       
lab1_counter_ei_inst/n32                                     NET DELAY           0.304                 11.302  1       
lab1_counter_ei_inst/i3_4_lut/A->lab1_counter_ei_inst/i3_4_lut/Z
                                          SLICE_R9C23B       C1_TO_F1_DELAY      0.476                 11.778  1       
lab1_counter_ei_inst/n276                                    NET DELAY           0.304                 12.082  1       
lab1_counter_ei_inst/i1_4_lut/D->lab1_counter_ei_inst/i1_4_lut/Z
                                          SLICE_R9C23C       C0_TO_F0_DELAY      0.476                 12.558  1       
lab1_counter_ei_inst/n4                                      NET DELAY           0.304                 12.862  1       
lab1_counter_ei_inst/i25_4_lut/D->lab1_counter_ei_inst/i25_4_lut/Z
                                          SLICE_R9C23C       C1_TO_F1_DELAY      0.449                 13.311  2       
lab1_counter_ei_inst/n4_adj_33                               NET DELAY           2.168                 15.479  2       
lab1_counter_ei_inst/i46_2_lut/A->lab1_counter_ei_inst/i46_2_lut/Z
                                          SLICE_R9C23D       D1_TO_F1_DELAY      0.449                 15.928  13      
lab1_counter_ei_inst/n51                                     NET DELAY           3.846                 19.774  13      
{lab1_counter_ei_inst/counter_47__i10/SR   lab1_counter_ei_inst/counter_47__i11/SR}
                                                             ENDPOINT            0.000                 19.774  1       


Destination Clock Path
Name                                      Cell/Site Name     Delay Name       Incr      Arrival/Required Time  Fanout  
----------------------------------------  -----------------  ---------------  --------  ---------------------  ------  
                                                             CONSTRAINT          0.000                 20.833  1       
hf_osc/CLKHF                              HFOSC_HFOSC_R1C32  CLOCK LATENCY       0.000                 20.833  16      
lab1_counter_ei_inst/clk_c                                   NET DELAY           5.499                 26.332  16      
{lab1_counter_ei_inst/counter_47__i10/CK   lab1_counter_ei_inst/counter_47__i11/CK}
                                                             CLOCK PIN           0.000                 26.332  1       
                                                             Uncertainty      -(0.000)                 26.332  
                                                             Setup time       -(0.529)                 25.803  
----------------------------------------  -----------------  ---------------  --------  ---------------------  ------  
Required Time                                                                                          25.803  
Arrival Time                                                                                        -(19.773)  
----------------------------------------  -----------------  ---------------  --------  ---------------------  ------  
Path Slack  (Passed)                                                                                    6.029  




++++ Path 3 ++++++++++++++++++++++++++++++++++++++++++++++++++++++++++ 

Path Begin       : lab1_counter_ei_inst/counter_47__i10/Q  (SLICE_R10C22B)
Path End         : {lab1_counter_ei_inst/counter_47__i12/SR   lab1_counter_ei_inst/counter_47__i13/SR}  (SLICE_R10C22C)
Source Clock     : clk_c (R)
Destination Clock: clk_c (R)
Logic Level      : 8
Delay Ratio      : 67.3% (route), 32.7% (logic)
Clock Skew       : 0.000 ns 
Setup Constraint : 20.833 ns 
Path Slack       : 6.029 ns  (Passed)


Source Clock Path
Name                                      Cell/Site Name     Delay Name       Incr      Arrival/Required Time  Fanout  
----------------------------------------  -----------------  ---------------  --------  ---------------------  ------  
hf_osc/CLKHF                              HFOSC_HFOSC_R1C32  CLOCK LATENCY       0.000                  0.000  16      
lab1_counter_ei_inst/clk_c                                   NET DELAY           5.499                  5.499  16      
{lab1_counter_ei_inst/counter_47__i10/CK   lab1_counter_ei_inst/counter_47__i11/CK}
                                                             CLOCK PIN           0.000                  5.499  1       


Data Path
Name                                      Cell/Site Name     Delay Name       Incr      Arrival/Required Time  Fanout  
----------------------------------------  -----------------  ---------------  --------  ---------------------  ------  
lab1_counter_ei_inst/counter_47__i10/CK->lab1_counter_ei_inst/counter_47__i10/Q
                                          SLICE_R10C22B      CLK_TO_Q0_DELAY     1.388                  6.887  2       
lab1_counter_ei_inst/counter[9]                              NET DELAY           2.075                  8.962  2       
lab1_counter_ei_inst/i1_3_lut/A->lab1_counter_ei_inst/i1_3_lut/Z
                                          SLICE_R9C23A       B0_TO_F0_DELAY      0.476                  9.438  1       
lab1_counter_ei_inst/n4_adj_34                               NET DELAY           0.304                  9.742  1       
lab1_counter_ei_inst/i40_4_lut/D->lab1_counter_ei_inst/i40_4_lut/Z
                                          SLICE_R9C23A       C1_TO_F1_DELAY      0.476                 10.218  1       
lab1_counter_ei_inst/n26                                     NET DELAY           0.304                 10.522  1       
lab1_counter_ei_inst/i37_4_lut/D->lab1_counter_ei_inst/i37_4_lut/Z
                                          SLICE_R9C23B       C0_TO_F0_DELAY      0.476                 10.998  1       
lab1_counter_ei_inst/n32                                     NET DELAY           0.304                 11.302  1       
lab1_counter_ei_inst/i3_4_lut/A->lab1_counter_ei_inst/i3_4_lut/Z
                                          SLICE_R9C23B       C1_TO_F1_DELAY      0.476                 11.778  1       
lab1_counter_ei_inst/n276                                    NET DELAY           0.304                 12.082  1       
lab1_counter_ei_inst/i1_4_lut/D->lab1_counter_ei_inst/i1_4_lut/Z
                                          SLICE_R9C23C       C0_TO_F0_DELAY      0.476                 12.558  1       
lab1_counter_ei_inst/n4                                      NET DELAY           0.304                 12.862  1       
lab1_counter_ei_inst/i25_4_lut/D->lab1_counter_ei_inst/i25_4_lut/Z
                                          SLICE_R9C23C       C1_TO_F1_DELAY      0.449                 13.311  2       
lab1_counter_ei_inst/n4_adj_33                               NET DELAY           2.168                 15.479  2       
lab1_counter_ei_inst/i46_2_lut/A->lab1_counter_ei_inst/i46_2_lut/Z
                                          SLICE_R9C23D       D1_TO_F1_DELAY      0.449                 15.928  13      
lab1_counter_ei_inst/n51                                     NET DELAY           3.846                 19.774  13      
{lab1_counter_ei_inst/counter_47__i12/SR   lab1_counter_ei_inst/counter_47__i13/SR}
                                                             ENDPOINT            0.000                 19.774  1       


Destination Clock Path
Name                                      Cell/Site Name     Delay Name       Incr      Arrival/Required Time  Fanout  
----------------------------------------  -----------------  ---------------  --------  ---------------------  ------  
                                                             CONSTRAINT          0.000                 20.833  1       
hf_osc/CLKHF                              HFOSC_HFOSC_R1C32  CLOCK LATENCY       0.000                 20.833  16      
lab1_counter_ei_inst/clk_c                                   NET DELAY           5.499                 26.332  16      
{lab1_counter_ei_inst/counter_47__i12/CK   lab1_counter_ei_inst/counter_47__i13/CK}
                                                             CLOCK PIN           0.000                 26.332  1       
                                                             Uncertainty      -(0.000)                 26.332  
                                                             Setup time       -(0.529)                 25.803  
----------------------------------------  -----------------  ---------------  --------  ---------------------  ------  
Required Time                                                                                          25.803  
Arrival Time                                                                                        -(19.773)  
----------------------------------------  -----------------  ---------------  --------  ---------------------  ------  
Path Slack  (Passed)                                                                                    6.029  




++++ Path 4 ++++++++++++++++++++++++++++++++++++++++++++++++++++++++++ 

Path Begin       : lab1_counter_ei_inst/counter_47__i10/Q  (SLICE_R10C22B)
Path End         : {lab1_counter_ei_inst/counter_47__i14/SR   lab1_counter_ei_inst/counter_47__i15/SR}  (SLICE_R10C22D)
Source Clock     : clk_c (R)
Destination Clock: clk_c (R)
Logic Level      : 8
Delay Ratio      : 67.3% (route), 32.7% (logic)
Clock Skew       : 0.000 ns 
Setup Constraint : 20.833 ns 
Path Slack       : 6.029 ns  (Passed)


Source Clock Path
Name                                      Cell/Site Name     Delay Name       Incr      Arrival/Required Time  Fanout  
----------------------------------------  -----------------  ---------------  --------  ---------------------  ------  
hf_osc/CLKHF                              HFOSC_HFOSC_R1C32  CLOCK LATENCY       0.000                  0.000  16      
lab1_counter_ei_inst/clk_c                                   NET DELAY           5.499                  5.499  16      
{lab1_counter_ei_inst/counter_47__i10/CK   lab1_counter_ei_inst/counter_47__i11/CK}
                                                             CLOCK PIN           0.000                  5.499  1       


Data Path
Name                                      Cell/Site Name     Delay Name       Incr      Arrival/Required Time  Fanout  
----------------------------------------  -----------------  ---------------  --------  ---------------------  ------  
lab1_counter_ei_inst/counter_47__i10/CK->lab1_counter_ei_inst/counter_47__i10/Q
                                          SLICE_R10C22B      CLK_TO_Q0_DELAY     1.388                  6.887  2       
lab1_counter_ei_inst/counter[9]                              NET DELAY           2.075                  8.962  2       
lab1_counter_ei_inst/i1_3_lut/A->lab1_counter_ei_inst/i1_3_lut/Z
                                          SLICE_R9C23A       B0_TO_F0_DELAY      0.476                  9.438  1       
lab1_counter_ei_inst/n4_adj_34                               NET DELAY           0.304                  9.742  1       
lab1_counter_ei_inst/i40_4_lut/D->lab1_counter_ei_inst/i40_4_lut/Z
                                          SLICE_R9C23A       C1_TO_F1_DELAY      0.476                 10.218  1       
lab1_counter_ei_inst/n26                                     NET DELAY           0.304                 10.522  1       
lab1_counter_ei_inst/i37_4_lut/D->lab1_counter_ei_inst/i37_4_lut/Z
                                          SLICE_R9C23B       C0_TO_F0_DELAY      0.476                 10.998  1       
lab1_counter_ei_inst/n32                                     NET DELAY           0.304                 11.302  1       
lab1_counter_ei_inst/i3_4_lut/A->lab1_counter_ei_inst/i3_4_lut/Z
                                          SLICE_R9C23B       C1_TO_F1_DELAY      0.476                 11.778  1       
lab1_counter_ei_inst/n276                                    NET DELAY           0.304                 12.082  1       
lab1_counter_ei_inst/i1_4_lut/D->lab1_counter_ei_inst/i1_4_lut/Z
                                          SLICE_R9C23C       C0_TO_F0_DELAY      0.476                 12.558  1       
lab1_counter_ei_inst/n4                                      NET DELAY           0.304                 12.862  1       
lab1_counter_ei_inst/i25_4_lut/D->lab1_counter_ei_inst/i25_4_lut/Z
                                          SLICE_R9C23C       C1_TO_F1_DELAY      0.449                 13.311  2       
lab1_counter_ei_inst/n4_adj_33                               NET DELAY           2.168                 15.479  2       
lab1_counter_ei_inst/i46_2_lut/A->lab1_counter_ei_inst/i46_2_lut/Z
                                          SLICE_R9C23D       D1_TO_F1_DELAY      0.449                 15.928  13      
lab1_counter_ei_inst/n51                                     NET DELAY           3.846                 19.774  13      
{lab1_counter_ei_inst/counter_47__i14/SR   lab1_counter_ei_inst/counter_47__i15/SR}
                                                             ENDPOINT            0.000                 19.774  1       


Destination Clock Path
Name                                      Cell/Site Name     Delay Name       Incr      Arrival/Required Time  Fanout  
----------------------------------------  -----------------  ---------------  --------  ---------------------  ------  
                                                             CONSTRAINT          0.000                 20.833  1       
hf_osc/CLKHF                              HFOSC_HFOSC_R1C32  CLOCK LATENCY       0.000                 20.833  16      
lab1_counter_ei_inst/clk_c                                   NET DELAY           5.499                 26.332  16      
{lab1_counter_ei_inst/counter_47__i14/CK   lab1_counter_ei_inst/counter_47__i15/CK}
                                                             CLOCK PIN           0.000                 26.332  1       
                                                             Uncertainty      -(0.000)                 26.332  
                                                             Setup time       -(0.529)                 25.803  
----------------------------------------  -----------------  ---------------  --------  ---------------------  ------  
Required Time                                                                                          25.803  
Arrival Time                                                                                        -(19.773)  
----------------------------------------  -----------------  ---------------  --------  ---------------------  ------  
Path Slack  (Passed)                                                                                    6.029  




++++ Path 5 ++++++++++++++++++++++++++++++++++++++++++++++++++++++++++ 

Path Begin       : lab1_counter_ei_inst/counter_47__i10/Q  (SLICE_R10C22B)
Path End         : {lab1_counter_ei_inst/counter_47__i4/SR   lab1_counter_ei_inst/counter_47__i5/SR}  (SLICE_R10C21C)
Source Clock     : clk_c (R)
Destination Clock: clk_c (R)
Logic Level      : 8
Delay Ratio      : 66.1% (route), 33.9% (logic)
Clock Skew       : 0.000 ns 
Setup Constraint : 20.833 ns 
Path Slack       : 6.544 ns  (Passed)


Source Clock Path
Name                                      Cell/Site Name     Delay Name       Incr      Arrival/Required Time  Fanout  
----------------------------------------  -----------------  ---------------  --------  ---------------------  ------  
hf_osc/CLKHF                              HFOSC_HFOSC_R1C32  CLOCK LATENCY       0.000                  0.000  16      
lab1_counter_ei_inst/clk_c                                   NET DELAY           5.499                  5.499  16      
{lab1_counter_ei_inst/counter_47__i10/CK   lab1_counter_ei_inst/counter_47__i11/CK}
                                                             CLOCK PIN           0.000                  5.499  1       


Data Path
Name                                      Cell/Site Name     Delay Name       Incr      Arrival/Required Time  Fanout  
----------------------------------------  -----------------  ---------------  --------  ---------------------  ------  
lab1_counter_ei_inst/counter_47__i10/CK->lab1_counter_ei_inst/counter_47__i10/Q
                                          SLICE_R10C22B      CLK_TO_Q0_DELAY     1.388                  6.887  2       
lab1_counter_ei_inst/counter[9]                              NET DELAY           2.075                  8.962  2       
lab1_counter_ei_inst/i1_3_lut/A->lab1_counter_ei_inst/i1_3_lut/Z
                                          SLICE_R9C23A       B0_TO_F0_DELAY      0.476                  9.438  1       
lab1_counter_ei_inst/n4_adj_34                               NET DELAY           0.304                  9.742  1       
lab1_counter_ei_inst/i40_4_lut/D->lab1_counter_ei_inst/i40_4_lut/Z
                                          SLICE_R9C23A       C1_TO_F1_DELAY      0.476                 10.218  1       
lab1_counter_ei_inst/n26                                     NET DELAY           0.304                 10.522  1       
lab1_counter_ei_inst/i37_4_lut/D->lab1_counter_ei_inst/i37_4_lut/Z
                                          SLICE_R9C23B       C0_TO_F0_DELAY      0.476                 10.998  1       
lab1_counter_ei_inst/n32                                     NET DELAY           0.304                 11.302  1       
lab1_counter_ei_inst/i3_4_lut/A->lab1_counter_ei_inst/i3_4_lut/Z
                                          SLICE_R9C23B       C1_TO_F1_DELAY      0.476                 11.778  1       
lab1_counter_ei_inst/n276                                    NET DELAY           0.304                 12.082  1       
lab1_counter_ei_inst/i1_4_lut/D->lab1_counter_ei_inst/i1_4_lut/Z
                                          SLICE_R9C23C       C0_TO_F0_DELAY      0.476                 12.558  1       
lab1_counter_ei_inst/n4                                      NET DELAY           0.304                 12.862  1       
lab1_counter_ei_inst/i25_4_lut/D->lab1_counter_ei_inst/i25_4_lut/Z
                                          SLICE_R9C23C       C1_TO_F1_DELAY      0.449                 13.311  2       
lab1_counter_ei_inst/n4_adj_33                               NET DELAY           2.168                 15.479  2       
lab1_counter_ei_inst/i46_2_lut/A->lab1_counter_ei_inst/i46_2_lut/Z
                                          SLICE_R9C23D       D1_TO_F1_DELAY      0.449                 15.928  13      
lab1_counter_ei_inst/n51                                     NET DELAY           3.331                 19.259  13      
{lab1_counter_ei_inst/counter_47__i4/SR   lab1_counter_ei_inst/counter_47__i5/SR}
                                                             ENDPOINT            0.000                 19.259  1       


Destination Clock Path
Name                                      Cell/Site Name     Delay Name       Incr      Arrival/Required Time  Fanout  
----------------------------------------  -----------------  ---------------  --------  ---------------------  ------  
                                                             CONSTRAINT          0.000                 20.833  1       
hf_osc/CLKHF                              HFOSC_HFOSC_R1C32  CLOCK LATENCY       0.000                 20.833  16      
lab1_counter_ei_inst/clk_c                                   NET DELAY           5.499                 26.332  16      
{lab1_counter_ei_inst/counter_47__i4/CK   lab1_counter_ei_inst/counter_47__i5/CK}
                                                             CLOCK PIN           0.000                 26.332  1       
                                                             Uncertainty      -(0.000)                 26.332  
                                                             Setup time       -(0.529)                 25.803  
----------------------------------------  -----------------  ---------------  --------  ---------------------  ------  
Required Time                                                                                          25.803  
Arrival Time                                                                                        -(19.258)  
----------------------------------------  -----------------  ---------------  --------  ---------------------  ------  
Path Slack  (Passed)                                                                                    6.544  




++++ Path 6 ++++++++++++++++++++++++++++++++++++++++++++++++++++++++++ 

Path Begin       : lab1_counter_ei_inst/counter_47__i10/Q  (SLICE_R10C22B)
Path End         : {lab1_counter_ei_inst/counter_47__i6/SR   lab1_counter_ei_inst/counter_47__i7/SR}  (SLICE_R10C21D)
Source Clock     : clk_c (R)
Destination Clock: clk_c (R)
Logic Level      : 8
Delay Ratio      : 66.1% (route), 33.9% (logic)
Clock Skew       : 0.000 ns 
Setup Constraint : 20.833 ns 
Path Slack       : 6.544 ns  (Passed)


Source Clock Path
Name                                      Cell/Site Name     Delay Name       Incr      Arrival/Required Time  Fanout  
----------------------------------------  -----------------  ---------------  --------  ---------------------  ------  
hf_osc/CLKHF                              HFOSC_HFOSC_R1C32  CLOCK LATENCY       0.000                  0.000  16      
lab1_counter_ei_inst/clk_c                                   NET DELAY           5.499                  5.499  16      
{lab1_counter_ei_inst/counter_47__i10/CK   lab1_counter_ei_inst/counter_47__i11/CK}
                                                             CLOCK PIN           0.000                  5.499  1       


Data Path
Name                                      Cell/Site Name     Delay Name       Incr      Arrival/Required Time  Fanout  
----------------------------------------  -----------------  ---------------  --------  ---------------------  ------  
lab1_counter_ei_inst/counter_47__i10/CK->lab1_counter_ei_inst/counter_47__i10/Q
                                          SLICE_R10C22B      CLK_TO_Q0_DELAY     1.388                  6.887  2       
lab1_counter_ei_inst/counter[9]                              NET DELAY           2.075                  8.962  2       
lab1_counter_ei_inst/i1_3_lut/A->lab1_counter_ei_inst/i1_3_lut/Z
                                          SLICE_R9C23A       B0_TO_F0_DELAY      0.476                  9.438  1       
lab1_counter_ei_inst/n4_adj_34                               NET DELAY           0.304                  9.742  1       
lab1_counter_ei_inst/i40_4_lut/D->lab1_counter_ei_inst/i40_4_lut/Z
                                          SLICE_R9C23A       C1_TO_F1_DELAY      0.476                 10.218  1       
lab1_counter_ei_inst/n26                                     NET DELAY           0.304                 10.522  1       
lab1_counter_ei_inst/i37_4_lut/D->lab1_counter_ei_inst/i37_4_lut/Z
                                          SLICE_R9C23B       C0_TO_F0_DELAY      0.476                 10.998  1       
lab1_counter_ei_inst/n32                                     NET DELAY           0.304                 11.302  1       
lab1_counter_ei_inst/i3_4_lut/A->lab1_counter_ei_inst/i3_4_lut/Z
                                          SLICE_R9C23B       C1_TO_F1_DELAY      0.476                 11.778  1       
lab1_counter_ei_inst/n276                                    NET DELAY           0.304                 12.082  1       
lab1_counter_ei_inst/i1_4_lut/D->lab1_counter_ei_inst/i1_4_lut/Z
                                          SLICE_R9C23C       C0_TO_F0_DELAY      0.476                 12.558  1       
lab1_counter_ei_inst/n4                                      NET DELAY           0.304                 12.862  1       
lab1_counter_ei_inst/i25_4_lut/D->lab1_counter_ei_inst/i25_4_lut/Z
                                          SLICE_R9C23C       C1_TO_F1_DELAY      0.449                 13.311  2       
lab1_counter_ei_inst/n4_adj_33                               NET DELAY           2.168                 15.479  2       
lab1_counter_ei_inst/i46_2_lut/A->lab1_counter_ei_inst/i46_2_lut/Z
                                          SLICE_R9C23D       D1_TO_F1_DELAY      0.449                 15.928  13      
lab1_counter_ei_inst/n51                                     NET DELAY           3.331                 19.259  13      
{lab1_counter_ei_inst/counter_47__i6/SR   lab1_counter_ei_inst/counter_47__i7/SR}
                                                             ENDPOINT            0.000                 19.259  1       


Destination Clock Path
Name                                      Cell/Site Name     Delay Name       Incr      Arrival/Required Time  Fanout  
----------------------------------------  -----------------  ---------------  --------  ---------------------  ------  
                                                             CONSTRAINT          0.000                 20.833  1       
hf_osc/CLKHF                              HFOSC_HFOSC_R1C32  CLOCK LATENCY       0.000                 20.833  16      
lab1_counter_ei_inst/clk_c                                   NET DELAY           5.499                 26.332  16      
{lab1_counter_ei_inst/counter_47__i6/CK   lab1_counter_ei_inst/counter_47__i7/CK}
                                                             CLOCK PIN           0.000                 26.332  1       
                                                             Uncertainty      -(0.000)                 26.332  
                                                             Setup time       -(0.529)                 25.803  
----------------------------------------  -----------------  ---------------  --------  ---------------------  ------  
Required Time                                                                                          25.803  
Arrival Time                                                                                        -(19.258)  
----------------------------------------  -----------------  ---------------  --------  ---------------------  ------  
Path Slack  (Passed)                                                                                    6.544  




++++ Path 7 ++++++++++++++++++++++++++++++++++++++++++++++++++++++++++ 

Path Begin       : lab1_counter_ei_inst/counter_47__i10/Q  (SLICE_R10C22B)
Path End         : {lab1_counter_ei_inst/counter_47__i16/SR   lab1_counter_ei_inst/counter_47__i17/SR}  (SLICE_R10C23A)
Source Clock     : clk_c (R)
Destination Clock: clk_c (R)
Logic Level      : 8
Delay Ratio      : 66.1% (route), 33.9% (logic)
Clock Skew       : 0.000 ns 
Setup Constraint : 20.833 ns 
Path Slack       : 6.544 ns  (Passed)


Source Clock Path
Name                                      Cell/Site Name     Delay Name       Incr      Arrival/Required Time  Fanout  
----------------------------------------  -----------------  ---------------  --------  ---------------------  ------  
hf_osc/CLKHF                              HFOSC_HFOSC_R1C32  CLOCK LATENCY       0.000                  0.000  16      
lab1_counter_ei_inst/clk_c                                   NET DELAY           5.499                  5.499  16      
{lab1_counter_ei_inst/counter_47__i10/CK   lab1_counter_ei_inst/counter_47__i11/CK}
                                                             CLOCK PIN           0.000                  5.499  1       


Data Path
Name                                      Cell/Site Name     Delay Name       Incr      Arrival/Required Time  Fanout  
----------------------------------------  -----------------  ---------------  --------  ---------------------  ------  
lab1_counter_ei_inst/counter_47__i10/CK->lab1_counter_ei_inst/counter_47__i10/Q
                                          SLICE_R10C22B      CLK_TO_Q0_DELAY     1.388                  6.887  2       
lab1_counter_ei_inst/counter[9]                              NET DELAY           2.075                  8.962  2       
lab1_counter_ei_inst/i1_3_lut/A->lab1_counter_ei_inst/i1_3_lut/Z
                                          SLICE_R9C23A       B0_TO_F0_DELAY      0.476                  9.438  1       
lab1_counter_ei_inst/n4_adj_34                               NET DELAY           0.304                  9.742  1       
lab1_counter_ei_inst/i40_4_lut/D->lab1_counter_ei_inst/i40_4_lut/Z
                                          SLICE_R9C23A       C1_TO_F1_DELAY      0.476                 10.218  1       
lab1_counter_ei_inst/n26                                     NET DELAY           0.304                 10.522  1       
lab1_counter_ei_inst/i37_4_lut/D->lab1_counter_ei_inst/i37_4_lut/Z
                                          SLICE_R9C23B       C0_TO_F0_DELAY      0.476                 10.998  1       
lab1_counter_ei_inst/n32                                     NET DELAY           0.304                 11.302  1       
lab1_counter_ei_inst/i3_4_lut/A->lab1_counter_ei_inst/i3_4_lut/Z
                                          SLICE_R9C23B       C1_TO_F1_DELAY      0.476                 11.778  1       
lab1_counter_ei_inst/n276                                    NET DELAY           0.304                 12.082  1       
lab1_counter_ei_inst/i1_4_lut/D->lab1_counter_ei_inst/i1_4_lut/Z
                                          SLICE_R9C23C       C0_TO_F0_DELAY      0.476                 12.558  1       
lab1_counter_ei_inst/n4                                      NET DELAY           0.304                 12.862  1       
lab1_counter_ei_inst/i25_4_lut/D->lab1_counter_ei_inst/i25_4_lut/Z
                                          SLICE_R9C23C       C1_TO_F1_DELAY      0.449                 13.311  2       
lab1_counter_ei_inst/n4_adj_33                               NET DELAY           2.168                 15.479  2       
lab1_counter_ei_inst/i46_2_lut/A->lab1_counter_ei_inst/i46_2_lut/Z
                                          SLICE_R9C23D       D1_TO_F1_DELAY      0.449                 15.928  13      
lab1_counter_ei_inst/n51                                     NET DELAY           3.331                 19.259  13      
{lab1_counter_ei_inst/counter_47__i16/SR   lab1_counter_ei_inst/counter_47__i17/SR}
                                                             ENDPOINT            0.000                 19.259  1       


Destination Clock Path
Name                                      Cell/Site Name     Delay Name       Incr      Arrival/Required Time  Fanout  
----------------------------------------  -----------------  ---------------  --------  ---------------------  ------  
                                                             CONSTRAINT          0.000                 20.833  1       
hf_osc/CLKHF                              HFOSC_HFOSC_R1C32  CLOCK LATENCY       0.000                 20.833  16      
lab1_counter_ei_inst/clk_c                                   NET DELAY           5.499                 26.332  16      
{lab1_counter_ei_inst/counter_47__i16/CK   lab1_counter_ei_inst/counter_47__i17/CK}
                                                             CLOCK PIN           0.000                 26.332  1       
                                                             Uncertainty      -(0.000)                 26.332  
                                                             Setup time       -(0.529)                 25.803  
----------------------------------------  -----------------  ---------------  --------  ---------------------  ------  
Required Time                                                                                          25.803  
Arrival Time                                                                                        -(19.258)  
----------------------------------------  -----------------  ---------------  --------  ---------------------  ------  
Path Slack  (Passed)                                                                                    6.544  




++++ Path 8 ++++++++++++++++++++++++++++++++++++++++++++++++++++++++++ 

Path Begin       : lab1_counter_ei_inst/counter_47__i10/Q  (SLICE_R10C22B)
Path End         : {lab1_counter_ei_inst/counter_47__i18/SR   lab1_counter_ei_inst/counter_47__i19/SR}  (SLICE_R10C23B)
Source Clock     : clk_c (R)
Destination Clock: clk_c (R)
Logic Level      : 8
Delay Ratio      : 66.1% (route), 33.9% (logic)
Clock Skew       : 0.000 ns 
Setup Constraint : 20.833 ns 
Path Slack       : 6.544 ns  (Passed)


Source Clock Path
Name                                      Cell/Site Name     Delay Name       Incr      Arrival/Required Time  Fanout  
----------------------------------------  -----------------  ---------------  --------  ---------------------  ------  
hf_osc/CLKHF                              HFOSC_HFOSC_R1C32  CLOCK LATENCY       0.000                  0.000  16      
lab1_counter_ei_inst/clk_c                                   NET DELAY           5.499                  5.499  16      
{lab1_counter_ei_inst/counter_47__i10/CK   lab1_counter_ei_inst/counter_47__i11/CK}
                                                             CLOCK PIN           0.000                  5.499  1       


Data Path
Name                                      Cell/Site Name     Delay Name       Incr      Arrival/Required Time  Fanout  
----------------------------------------  -----------------  ---------------  --------  ---------------------  ------  
lab1_counter_ei_inst/counter_47__i10/CK->lab1_counter_ei_inst/counter_47__i10/Q
                                          SLICE_R10C22B      CLK_TO_Q0_DELAY     1.388                  6.887  2       
lab1_counter_ei_inst/counter[9]                              NET DELAY           2.075                  8.962  2       
lab1_counter_ei_inst/i1_3_lut/A->lab1_counter_ei_inst/i1_3_lut/Z
                                          SLICE_R9C23A       B0_TO_F0_DELAY      0.476                  9.438  1       
lab1_counter_ei_inst/n4_adj_34                               NET DELAY           0.304                  9.742  1       
lab1_counter_ei_inst/i40_4_lut/D->lab1_counter_ei_inst/i40_4_lut/Z
                                          SLICE_R9C23A       C1_TO_F1_DELAY      0.476                 10.218  1       
lab1_counter_ei_inst/n26                                     NET DELAY           0.304                 10.522  1       
lab1_counter_ei_inst/i37_4_lut/D->lab1_counter_ei_inst/i37_4_lut/Z
                                          SLICE_R9C23B       C0_TO_F0_DELAY      0.476                 10.998  1       
lab1_counter_ei_inst/n32                                     NET DELAY           0.304                 11.302  1       
lab1_counter_ei_inst/i3_4_lut/A->lab1_counter_ei_inst/i3_4_lut/Z
                                          SLICE_R9C23B       C1_TO_F1_DELAY      0.476                 11.778  1       
lab1_counter_ei_inst/n276                                    NET DELAY           0.304                 12.082  1       
lab1_counter_ei_inst/i1_4_lut/D->lab1_counter_ei_inst/i1_4_lut/Z
                                          SLICE_R9C23C       C0_TO_F0_DELAY      0.476                 12.558  1       
lab1_counter_ei_inst/n4                                      NET DELAY           0.304                 12.862  1       
lab1_counter_ei_inst/i25_4_lut/D->lab1_counter_ei_inst/i25_4_lut/Z
                                          SLICE_R9C23C       C1_TO_F1_DELAY      0.449                 13.311  2       
lab1_counter_ei_inst/n4_adj_33                               NET DELAY           2.168                 15.479  2       
lab1_counter_ei_inst/i46_2_lut/A->lab1_counter_ei_inst/i46_2_lut/Z
                                          SLICE_R9C23D       D1_TO_F1_DELAY      0.449                 15.928  13      
lab1_counter_ei_inst/n51                                     NET DELAY           3.331                 19.259  13      
{lab1_counter_ei_inst/counter_47__i18/SR   lab1_counter_ei_inst/counter_47__i19/SR}
                                                             ENDPOINT            0.000                 19.259  1       


Destination Clock Path
Name                                      Cell/Site Name     Delay Name       Incr      Arrival/Required Time  Fanout  
----------------------------------------  -----------------  ---------------  --------  ---------------------  ------  
                                                             CONSTRAINT          0.000                 20.833  1       
hf_osc/CLKHF                              HFOSC_HFOSC_R1C32  CLOCK LATENCY       0.000                 20.833  16      
lab1_counter_ei_inst/clk_c                                   NET DELAY           5.499                 26.332  16      
{lab1_counter_ei_inst/counter_47__i18/CK   lab1_counter_ei_inst/counter_47__i19/CK}
                                                             CLOCK PIN           0.000                 26.332  1       
                                                             Uncertainty      -(0.000)                 26.332  
                                                             Setup time       -(0.529)                 25.803  
----------------------------------------  -----------------  ---------------  --------  ---------------------  ------  
Required Time                                                                                          25.803  
Arrival Time                                                                                        -(19.258)  
----------------------------------------  -----------------  ---------------  --------  ---------------------  ------  
Path Slack  (Passed)                                                                                    6.544  




++++ Path 9 ++++++++++++++++++++++++++++++++++++++++++++++++++++++++++ 

Path Begin       : lab1_counter_ei_inst/counter_47__i10/Q  (SLICE_R10C22B)
Path End         : {lab1_counter_ei_inst/counter_47__i20/SR   lab1_counter_ei_inst/counter_47__i21/SR}  (SLICE_R10C23C)
Source Clock     : clk_c (R)
Destination Clock: clk_c (R)
Logic Level      : 8
Delay Ratio      : 66.1% (route), 33.9% (logic)
Clock Skew       : 0.000 ns 
Setup Constraint : 20.833 ns 
Path Slack       : 6.544 ns  (Passed)


Source Clock Path
Name                                      Cell/Site Name     Delay Name       Incr      Arrival/Required Time  Fanout  
----------------------------------------  -----------------  ---------------  --------  ---------------------  ------  
hf_osc/CLKHF                              HFOSC_HFOSC_R1C32  CLOCK LATENCY       0.000                  0.000  16      
lab1_counter_ei_inst/clk_c                                   NET DELAY           5.499                  5.499  16      
{lab1_counter_ei_inst/counter_47__i10/CK   lab1_counter_ei_inst/counter_47__i11/CK}
                                                             CLOCK PIN           0.000                  5.499  1       


Data Path
Name                                      Cell/Site Name     Delay Name       Incr      Arrival/Required Time  Fanout  
----------------------------------------  -----------------  ---------------  --------  ---------------------  ------  
lab1_counter_ei_inst/counter_47__i10/CK->lab1_counter_ei_inst/counter_47__i10/Q
                                          SLICE_R10C22B      CLK_TO_Q0_DELAY     1.388                  6.887  2       
lab1_counter_ei_inst/counter[9]                              NET DELAY           2.075                  8.962  2       
lab1_counter_ei_inst/i1_3_lut/A->lab1_counter_ei_inst/i1_3_lut/Z
                                          SLICE_R9C23A       B0_TO_F0_DELAY      0.476                  9.438  1       
lab1_counter_ei_inst/n4_adj_34                               NET DELAY           0.304                  9.742  1       
lab1_counter_ei_inst/i40_4_lut/D->lab1_counter_ei_inst/i40_4_lut/Z
                                          SLICE_R9C23A       C1_TO_F1_DELAY      0.476                 10.218  1       
lab1_counter_ei_inst/n26                                     NET DELAY           0.304                 10.522  1       
lab1_counter_ei_inst/i37_4_lut/D->lab1_counter_ei_inst/i37_4_lut/Z
                                          SLICE_R9C23B       C0_TO_F0_DELAY      0.476                 10.998  1       
lab1_counter_ei_inst/n32                                     NET DELAY           0.304                 11.302  1       
lab1_counter_ei_inst/i3_4_lut/A->lab1_counter_ei_inst/i3_4_lut/Z
                                          SLICE_R9C23B       C1_TO_F1_DELAY      0.476                 11.778  1       
lab1_counter_ei_inst/n276                                    NET DELAY           0.304                 12.082  1       
lab1_counter_ei_inst/i1_4_lut/D->lab1_counter_ei_inst/i1_4_lut/Z
                                          SLICE_R9C23C       C0_TO_F0_DELAY      0.476                 12.558  1       
lab1_counter_ei_inst/n4                                      NET DELAY           0.304                 12.862  1       
lab1_counter_ei_inst/i25_4_lut/D->lab1_counter_ei_inst/i25_4_lut/Z
                                          SLICE_R9C23C       C1_TO_F1_DELAY      0.449                 13.311  2       
lab1_counter_ei_inst/n4_adj_33                               NET DELAY           2.168                 15.479  2       
lab1_counter_ei_inst/i46_2_lut/A->lab1_counter_ei_inst/i46_2_lut/Z
                                          SLICE_R9C23D       D1_TO_F1_DELAY      0.449                 15.928  13      
lab1_counter_ei_inst/n51                                     NET DELAY           3.331                 19.259  13      
{lab1_counter_ei_inst/counter_47__i20/SR   lab1_counter_ei_inst/counter_47__i21/SR}
                                                             ENDPOINT            0.000                 19.259  1       


Destination Clock Path
Name                                      Cell/Site Name     Delay Name       Incr      Arrival/Required Time  Fanout  
----------------------------------------  -----------------  ---------------  --------  ---------------------  ------  
                                                             CONSTRAINT          0.000                 20.833  1       
hf_osc/CLKHF                              HFOSC_HFOSC_R1C32  CLOCK LATENCY       0.000                 20.833  16      
lab1_counter_ei_inst/clk_c                                   NET DELAY           5.499                 26.332  16      
{lab1_counter_ei_inst/counter_47__i20/CK   lab1_counter_ei_inst/counter_47__i21/CK}
                                                             CLOCK PIN           0.000                 26.332  1       
                                                             Uncertainty      -(0.000)                 26.332  
                                                             Setup time       -(0.529)                 25.803  
----------------------------------------  -----------------  ---------------  --------  ---------------------  ------  
Required Time                                                                                          25.803  
Arrival Time                                                                                        -(19.258)  
----------------------------------------  -----------------  ---------------  --------  ---------------------  ------  
Path Slack  (Passed)                                                                                    6.544  




++++ Path 10 ++++++++++++++++++++++++++++++++++++++++++++++++++++++++++ 

Path Begin       : lab1_counter_ei_inst/counter_47__i10/Q  (SLICE_R10C22B)
Path End         : {lab1_counter_ei_inst/counter_47__i22/SR   lab1_counter_ei_inst/counter_47__i23/SR}  (SLICE_R10C23D)
Source Clock     : clk_c (R)
Destination Clock: clk_c (R)
Logic Level      : 8
Delay Ratio      : 66.1% (route), 33.9% (logic)
Clock Skew       : 0.000 ns 
Setup Constraint : 20.833 ns 
Path Slack       : 6.544 ns  (Passed)


Source Clock Path
Name                                      Cell/Site Name     Delay Name       Incr      Arrival/Required Time  Fanout  
----------------------------------------  -----------------  ---------------  --------  ---------------------  ------  
hf_osc/CLKHF                              HFOSC_HFOSC_R1C32  CLOCK LATENCY       0.000                  0.000  16      
lab1_counter_ei_inst/clk_c                                   NET DELAY           5.499                  5.499  16      
{lab1_counter_ei_inst/counter_47__i10/CK   lab1_counter_ei_inst/counter_47__i11/CK}
                                                             CLOCK PIN           0.000                  5.499  1       


Data Path
Name                                      Cell/Site Name     Delay Name       Incr      Arrival/Required Time  Fanout  
----------------------------------------  -----------------  ---------------  --------  ---------------------  ------  
lab1_counter_ei_inst/counter_47__i10/CK->lab1_counter_ei_inst/counter_47__i10/Q
                                          SLICE_R10C22B      CLK_TO_Q0_DELAY     1.388                  6.887  2       
lab1_counter_ei_inst/counter[9]                              NET DELAY           2.075                  8.962  2       
lab1_counter_ei_inst/i1_3_lut/A->lab1_counter_ei_inst/i1_3_lut/Z
                                          SLICE_R9C23A       B0_TO_F0_DELAY      0.476                  9.438  1       
lab1_counter_ei_inst/n4_adj_34                               NET DELAY           0.304                  9.742  1       
lab1_counter_ei_inst/i40_4_lut/D->lab1_counter_ei_inst/i40_4_lut/Z
                                          SLICE_R9C23A       C1_TO_F1_DELAY      0.476                 10.218  1       
lab1_counter_ei_inst/n26                                     NET DELAY           0.304                 10.522  1       
lab1_counter_ei_inst/i37_4_lut/D->lab1_counter_ei_inst/i37_4_lut/Z
                                          SLICE_R9C23B       C0_TO_F0_DELAY      0.476                 10.998  1       
lab1_counter_ei_inst/n32                                     NET DELAY           0.304                 11.302  1       
lab1_counter_ei_inst/i3_4_lut/A->lab1_counter_ei_inst/i3_4_lut/Z
                                          SLICE_R9C23B       C1_TO_F1_DELAY      0.476                 11.778  1       
lab1_counter_ei_inst/n276                                    NET DELAY           0.304                 12.082  1       
lab1_counter_ei_inst/i1_4_lut/D->lab1_counter_ei_inst/i1_4_lut/Z
                                          SLICE_R9C23C       C0_TO_F0_DELAY      0.476                 12.558  1       
lab1_counter_ei_inst/n4                                      NET DELAY           0.304                 12.862  1       
lab1_counter_ei_inst/i25_4_lut/D->lab1_counter_ei_inst/i25_4_lut/Z
                                          SLICE_R9C23C       C1_TO_F1_DELAY      0.449                 13.311  2       
lab1_counter_ei_inst/n4_adj_33                               NET DELAY           2.168                 15.479  2       
lab1_counter_ei_inst/i46_2_lut/A->lab1_counter_ei_inst/i46_2_lut/Z
                                          SLICE_R9C23D       D1_TO_F1_DELAY      0.449                 15.928  13      
lab1_counter_ei_inst/n51                                     NET DELAY           3.331                 19.259  13      
{lab1_counter_ei_inst/counter_47__i22/SR   lab1_counter_ei_inst/counter_47__i23/SR}
                                                             ENDPOINT            0.000                 19.259  1       


Destination Clock Path
Name                                      Cell/Site Name     Delay Name       Incr      Arrival/Required Time  Fanout  
----------------------------------------  -----------------  ---------------  --------  ---------------------  ------  
                                                             CONSTRAINT          0.000                 20.833  1       
hf_osc/CLKHF                              HFOSC_HFOSC_R1C32  CLOCK LATENCY       0.000                 20.833  16      
lab1_counter_ei_inst/clk_c                                   NET DELAY           5.499                 26.332  16      
{lab1_counter_ei_inst/counter_47__i22/CK   lab1_counter_ei_inst/counter_47__i23/CK}
                                                             CLOCK PIN           0.000                 26.332  1       
                                                             Uncertainty      -(0.000)                 26.332  
                                                             Setup time       -(0.529)                 25.803  
----------------------------------------  -----------------  ---------------  --------  ---------------------  ------  
Required Time                                                                                          25.803  
Arrival Time                                                                                        -(19.258)  
----------------------------------------  -----------------  ---------------  --------  ---------------------  ------  
Path Slack  (Passed)                                                                                    6.544  



+++++++++++++++++++++++++++++++++++++++++++++++++++++++++++++++++++++ 
                    End of Detailed Report for timing paths 
+++++++++++++++++++++++++++++++++++++++++++++++++++++++++++++++++++++ 


##########################################################



===============================================================
3  Hold at Speed Grade m Corner at -40 Degrees
===============================================================

3.1  Endpoint slacks
=======================
-------------------------------------------------------
          Listing 10 End Points          |    Slack    
-------------------------------------------------------
lab1_counter_ei_inst/counter_47__i24/D   |    1.913 ns 
lab1_counter_ei_inst/counter_47__i25/D   |    1.913 ns 
lab1_counter_ei_inst/counter_47__i8/D    |    1.913 ns 
lab1_counter_ei_inst/counter_47__i9/D    |    1.913 ns 
lab1_counter_ei_inst/counter_47__i10/D   |    1.913 ns 
lab1_counter_ei_inst/counter_47__i11/D   |    1.913 ns 
lab1_counter_ei_inst/counter_47__i12/D   |    1.913 ns 
lab1_counter_ei_inst/counter_47__i13/D   |    1.913 ns 
lab1_counter_ei_inst/counter_47__i14/D   |    1.913 ns 
lab1_counter_ei_inst/counter_47__i15/D   |    1.913 ns 
-------------------------------------------------------
                                         |             
Hold # of endpoints with negative slack: |           0 
                                         |             
-------------------------------------------------------

3.2  Detailed Report
=======================


XXXXXXXXXXXXXXXXXXXXXXXXXXXXXXXXXXXXXXXXXXXXXXXXXXXXXXXXXX

Detail report of critical paths

XXXXXXXXXXXXXXXXXXXXXXXXXXXXXXXXXXXXXXXXXXXXXXXXXXXXXXXXXX

+++++++++++++++++++++++++++++++++++++++++++++++++++++++++++++++++++++ 
                    Detailed Report for timing paths 
+++++++++++++++++++++++++++++++++++++++++++++++++++++++++++++++++++++ 

++++ Path 1 ++++++++++++++++++++++++++++++++++++++++++++++++++++++++++ 

Path Begin       : lab1_counter_ei_inst/counter_47__i24/Q  (SLICE_R10C24A)
Path End         : lab1_counter_ei_inst/counter_47__i24/D  (SLICE_R10C24A)
Source Clock     : clk_c (R)
Destination Clock: clk_c (R)
Logic Level      : 2
Delay Ratio      : 46.1% (route), 53.9% (logic)
Clock Skew       : 0.000 ns 
Hold Constraint  : 0.000 ns 
Path Slack       : 1.913 ns  (Passed)


Source Clock Path
Name                                      Cell/Site Name     Delay Name       Incr   Arrival/Required Time  Fanout  
----------------------------------------  -----------------  ---------------  -----  ---------------------  ------  
hf_osc/CLKHF                              HFOSC_HFOSC_R1C32  CLOCK LATENCY    0.000                  0.000  17      
lab1_counter_ei_inst/clk_c                                   NET DELAY        3.084                  3.084  17      
{lab1_counter_ei_inst/counter_47__i24/CK   lab1_counter_ei_inst/counter_47__i25/CK}
                                                             CLOCK PIN        0.000                  3.084  1       


Data Path
Name                                      Cell/Site Name     Delay Name       Incr   Arrival/Required Time  Fanout  
----------------------------------------  -----------------  ---------------  -----  ---------------------  ------  
lab1_counter_ei_inst/counter_47__i24/CK->lab1_counter_ei_inst/counter_47__i24/Q
                                          SLICE_R10C24A      CLK_TO_Q0_DELAY  0.779                  3.863  2       
lab1_counter_ei_inst/counter[23]                             NET DELAY        0.882                  4.745  2       
lab1_counter_ei_inst/counter_47_add_4_25/C0->lab1_counter_ei_inst/counter_47_add_4_25/S0
                                          SLICE_R10C24A      C0_TO_F0_DELAY   0.252                  4.997  1       
lab1_counter_ei_inst/n105[23]                                NET DELAY        0.000                  4.997  1       
lab1_counter_ei_inst/counter_47__i24/D                       ENDPOINT         0.000                  4.997  1       


Destination Clock Path
Name                                      Cell/Site Name     Delay Name       Incr   Arrival/Required Time  Fanout  
----------------------------------------  -----------------  ---------------  -----  ---------------------  ------  
                                                             CONSTRAINT       0.000                  0.000  1       
hf_osc/CLKHF                              HFOSC_HFOSC_R1C32  CLOCK LATENCY    0.000                  0.000  17      
lab1_counter_ei_inst/clk_c                                   NET DELAY        3.084                  3.084  17      
{lab1_counter_ei_inst/counter_47__i24/CK   lab1_counter_ei_inst/counter_47__i25/CK}
                                                             CLOCK PIN        0.000                  3.084  1       
                                                             Uncertainty      0.000                  3.084  
                                                             Hold time        0.000                  3.084  
----------------------------------------  -----------------  ---------------  -----  ---------------------  ------  
Required Time                                                                                       -3.084  
Arrival Time                                                                                         4.997  
----------------------------------------  -----------------  ---------------  -----  ---------------------  ------  
Path Slack  (Passed)                                                                                 1.913  




++++ Path 2 ++++++++++++++++++++++++++++++++++++++++++++++++++++++++++ 

Path Begin       : lab1_counter_ei_inst/counter_47__i25/Q  (SLICE_R10C24A)
Path End         : lab1_counter_ei_inst/counter_47__i25/D  (SLICE_R10C24A)
Source Clock     : clk_c (R)
Destination Clock: clk_c (R)
Logic Level      : 2
Delay Ratio      : 46.1% (route), 53.9% (logic)
Clock Skew       : 0.000 ns 
Hold Constraint  : 0.000 ns 
Path Slack       : 1.913 ns  (Passed)


Source Clock Path
Name                                      Cell/Site Name     Delay Name       Incr   Arrival/Required Time  Fanout  
----------------------------------------  -----------------  ---------------  -----  ---------------------  ------  
hf_osc/CLKHF                              HFOSC_HFOSC_R1C32  CLOCK LATENCY    0.000                  0.000  17      
lab1_counter_ei_inst/clk_c                                   NET DELAY        3.084                  3.084  17      
{lab1_counter_ei_inst/counter_47__i24/CK   lab1_counter_ei_inst/counter_47__i25/CK}
                                                             CLOCK PIN        0.000                  3.084  1       


Data Path
Name                                      Cell/Site Name     Delay Name       Incr   Arrival/Required Time  Fanout  
----------------------------------------  -----------------  ---------------  -----  ---------------------  ------  
lab1_counter_ei_inst/counter_47__i25/CK->lab1_counter_ei_inst/counter_47__i25/Q
                                          SLICE_R10C24A      CLK_TO_Q1_DELAY  0.779                  3.863  2       
lab1_counter_ei_inst/counter[24]                             NET DELAY        0.882                  4.745  2       
lab1_counter_ei_inst/counter_47_add_4_25/C1->lab1_counter_ei_inst/counter_47_add_4_25/S1
                                          SLICE_R10C24A      C1_TO_F1_DELAY   0.252                  4.997  1       
lab1_counter_ei_inst/n105[24]                                NET DELAY        0.000                  4.997  1       
lab1_counter_ei_inst/counter_47__i25/D                       ENDPOINT         0.000                  4.997  1       


Destination Clock Path
Name                                      Cell/Site Name     Delay Name       Incr   Arrival/Required Time  Fanout  
----------------------------------------  -----------------  ---------------  -----  ---------------------  ------  
                                                             CONSTRAINT       0.000                  0.000  1       
hf_osc/CLKHF                              HFOSC_HFOSC_R1C32  CLOCK LATENCY    0.000                  0.000  17      
lab1_counter_ei_inst/clk_c                                   NET DELAY        3.084                  3.084  17      
{lab1_counter_ei_inst/counter_47__i24/CK   lab1_counter_ei_inst/counter_47__i25/CK}
                                                             CLOCK PIN        0.000                  3.084  1       
                                                             Uncertainty      0.000                  3.084  
                                                             Hold time        0.000                  3.084  
----------------------------------------  -----------------  ---------------  -----  ---------------------  ------  
Required Time                                                                                       -3.084  
Arrival Time                                                                                         4.997  
----------------------------------------  -----------------  ---------------  -----  ---------------------  ------  
Path Slack  (Passed)                                                                                 1.913  




++++ Path 3 ++++++++++++++++++++++++++++++++++++++++++++++++++++++++++ 

Path Begin       : lab1_counter_ei_inst/counter_47__i8/Q  (SLICE_R10C22A)
Path End         : lab1_counter_ei_inst/counter_47__i8/D  (SLICE_R10C22A)
Source Clock     : clk_c (R)
Destination Clock: clk_c (R)
Logic Level      : 2
Delay Ratio      : 46.1% (route), 53.9% (logic)
Clock Skew       : 0.000 ns 
Hold Constraint  : 0.000 ns 
Path Slack       : 1.913 ns  (Passed)


Source Clock Path
Name                                      Cell/Site Name     Delay Name       Incr   Arrival/Required Time  Fanout  
----------------------------------------  -----------------  ---------------  -----  ---------------------  ------  
hf_osc/CLKHF                              HFOSC_HFOSC_R1C32  CLOCK LATENCY    0.000                  0.000  17      
lab1_counter_ei_inst/clk_c                                   NET DELAY        3.084                  3.084  17      
{lab1_counter_ei_inst/counter_47__i8/CK   lab1_counter_ei_inst/counter_47__i9/CK}
                                                             CLOCK PIN        0.000                  3.084  1       


Data Path
Name                                      Cell/Site Name     Delay Name       Incr   Arrival/Required Time  Fanout  
----------------------------------------  -----------------  ---------------  -----  ---------------------  ------  
lab1_counter_ei_inst/counter_47__i8/CK->lab1_counter_ei_inst/counter_47__i8/Q
                                          SLICE_R10C22A      CLK_TO_Q0_DELAY  0.779                  3.863  2       
lab1_counter_ei_inst/counter[7]                              NET DELAY        0.882                  4.745  2       
lab1_counter_ei_inst/counter_47_add_4_9/C0->lab1_counter_ei_inst/counter_47_add_4_9/S0
                                          SLICE_R10C22A      C0_TO_F0_DELAY   0.252                  4.997  1       
lab1_counter_ei_inst/n105[7]                                 NET DELAY        0.000                  4.997  1       
lab1_counter_ei_inst/counter_47__i8/D                        ENDPOINT         0.000                  4.997  1       


Destination Clock Path
Name                                      Cell/Site Name     Delay Name       Incr   Arrival/Required Time  Fanout  
----------------------------------------  -----------------  ---------------  -----  ---------------------  ------  
                                                             CONSTRAINT       0.000                  0.000  1       
hf_osc/CLKHF                              HFOSC_HFOSC_R1C32  CLOCK LATENCY    0.000                  0.000  17      
lab1_counter_ei_inst/clk_c                                   NET DELAY        3.084                  3.084  17      
{lab1_counter_ei_inst/counter_47__i8/CK   lab1_counter_ei_inst/counter_47__i9/CK}
                                                             CLOCK PIN        0.000                  3.084  1       
                                                             Uncertainty      0.000                  3.084  
                                                             Hold time        0.000                  3.084  
----------------------------------------  -----------------  ---------------  -----  ---------------------  ------  
Required Time                                                                                       -3.084  
Arrival Time                                                                                         4.997  
----------------------------------------  -----------------  ---------------  -----  ---------------------  ------  
Path Slack  (Passed)                                                                                 1.913  




++++ Path 4 ++++++++++++++++++++++++++++++++++++++++++++++++++++++++++ 

Path Begin       : lab1_counter_ei_inst/counter_47__i9/Q  (SLICE_R10C22A)
Path End         : lab1_counter_ei_inst/counter_47__i9/D  (SLICE_R10C22A)
Source Clock     : clk_c (R)
Destination Clock: clk_c (R)
Logic Level      : 2
Delay Ratio      : 46.1% (route), 53.9% (logic)
Clock Skew       : 0.000 ns 
Hold Constraint  : 0.000 ns 
Path Slack       : 1.913 ns  (Passed)


Source Clock Path
Name                                      Cell/Site Name     Delay Name       Incr   Arrival/Required Time  Fanout  
----------------------------------------  -----------------  ---------------  -----  ---------------------  ------  
hf_osc/CLKHF                              HFOSC_HFOSC_R1C32  CLOCK LATENCY    0.000                  0.000  17      
lab1_counter_ei_inst/clk_c                                   NET DELAY        3.084                  3.084  17      
{lab1_counter_ei_inst/counter_47__i8/CK   lab1_counter_ei_inst/counter_47__i9/CK}
                                                             CLOCK PIN        0.000                  3.084  1       


Data Path
Name                                      Cell/Site Name     Delay Name       Incr   Arrival/Required Time  Fanout  
----------------------------------------  -----------------  ---------------  -----  ---------------------  ------  
lab1_counter_ei_inst/counter_47__i9/CK->lab1_counter_ei_inst/counter_47__i9/Q
                                          SLICE_R10C22A      CLK_TO_Q1_DELAY  0.779                  3.863  2       
lab1_counter_ei_inst/counter[8]                              NET DELAY        0.882                  4.745  2       
lab1_counter_ei_inst/counter_47_add_4_9/C1->lab1_counter_ei_inst/counter_47_add_4_9/S1
                                          SLICE_R10C22A      C1_TO_F1_DELAY   0.252                  4.997  1       
lab1_counter_ei_inst/n105[8]                                 NET DELAY        0.000                  4.997  1       
lab1_counter_ei_inst/counter_47__i9/D                        ENDPOINT         0.000                  4.997  1       


Destination Clock Path
Name                                      Cell/Site Name     Delay Name       Incr   Arrival/Required Time  Fanout  
----------------------------------------  -----------------  ---------------  -----  ---------------------  ------  
                                                             CONSTRAINT       0.000                  0.000  1       
hf_osc/CLKHF                              HFOSC_HFOSC_R1C32  CLOCK LATENCY    0.000                  0.000  17      
lab1_counter_ei_inst/clk_c                                   NET DELAY        3.084                  3.084  17      
{lab1_counter_ei_inst/counter_47__i8/CK   lab1_counter_ei_inst/counter_47__i9/CK}
                                                             CLOCK PIN        0.000                  3.084  1       
                                                             Uncertainty      0.000                  3.084  
                                                             Hold time        0.000                  3.084  
----------------------------------------  -----------------  ---------------  -----  ---------------------  ------  
Required Time                                                                                       -3.084  
Arrival Time                                                                                         4.997  
----------------------------------------  -----------------  ---------------  -----  ---------------------  ------  
Path Slack  (Passed)                                                                                 1.913  




++++ Path 5 ++++++++++++++++++++++++++++++++++++++++++++++++++++++++++ 

Path Begin       : lab1_counter_ei_inst/counter_47__i10/Q  (SLICE_R10C22B)
Path End         : lab1_counter_ei_inst/counter_47__i10/D  (SLICE_R10C22B)
Source Clock     : clk_c (R)
Destination Clock: clk_c (R)
Logic Level      : 2
Delay Ratio      : 46.1% (route), 53.9% (logic)
Clock Skew       : 0.000 ns 
Hold Constraint  : 0.000 ns 
Path Slack       : 1.913 ns  (Passed)


Source Clock Path
Name                                      Cell/Site Name     Delay Name       Incr   Arrival/Required Time  Fanout  
----------------------------------------  -----------------  ---------------  -----  ---------------------  ------  
hf_osc/CLKHF                              HFOSC_HFOSC_R1C32  CLOCK LATENCY    0.000                  0.000  17      
lab1_counter_ei_inst/clk_c                                   NET DELAY        3.084                  3.084  17      
{lab1_counter_ei_inst/counter_47__i10/CK   lab1_counter_ei_inst/counter_47__i11/CK}
                                                             CLOCK PIN        0.000                  3.084  1       


Data Path
Name                                      Cell/Site Name     Delay Name       Incr   Arrival/Required Time  Fanout  
----------------------------------------  -----------------  ---------------  -----  ---------------------  ------  
lab1_counter_ei_inst/counter_47__i10/CK->lab1_counter_ei_inst/counter_47__i10/Q
                                          SLICE_R10C22B      CLK_TO_Q0_DELAY  0.779                  3.863  2       
lab1_counter_ei_inst/counter[9]                              NET DELAY        0.882                  4.745  2       
lab1_counter_ei_inst/counter_47_add_4_11/C0->lab1_counter_ei_inst/counter_47_add_4_11/S0
                                          SLICE_R10C22B      C0_TO_F0_DELAY   0.252                  4.997  1       
lab1_counter_ei_inst/n105[9]                                 NET DELAY        0.000                  4.997  1       
lab1_counter_ei_inst/counter_47__i10/D                       ENDPOINT         0.000                  4.997  1       


Destination Clock Path
Name                                      Cell/Site Name     Delay Name       Incr   Arrival/Required Time  Fanout  
----------------------------------------  -----------------  ---------------  -----  ---------------------  ------  
                                                             CONSTRAINT       0.000                  0.000  1       
hf_osc/CLKHF                              HFOSC_HFOSC_R1C32  CLOCK LATENCY    0.000                  0.000  17      
lab1_counter_ei_inst/clk_c                                   NET DELAY        3.084                  3.084  17      
{lab1_counter_ei_inst/counter_47__i10/CK   lab1_counter_ei_inst/counter_47__i11/CK}
                                                             CLOCK PIN        0.000                  3.084  1       
                                                             Uncertainty      0.000                  3.084  
                                                             Hold time        0.000                  3.084  
----------------------------------------  -----------------  ---------------  -----  ---------------------  ------  
Required Time                                                                                       -3.084  
Arrival Time                                                                                         4.997  
----------------------------------------  -----------------  ---------------  -----  ---------------------  ------  
Path Slack  (Passed)                                                                                 1.913  




++++ Path 6 ++++++++++++++++++++++++++++++++++++++++++++++++++++++++++ 

Path Begin       : lab1_counter_ei_inst/counter_47__i11/Q  (SLICE_R10C22B)
Path End         : lab1_counter_ei_inst/counter_47__i11/D  (SLICE_R10C22B)
Source Clock     : clk_c (R)
Destination Clock: clk_c (R)
Logic Level      : 2
Delay Ratio      : 46.1% (route), 53.9% (logic)
Clock Skew       : 0.000 ns 
Hold Constraint  : 0.000 ns 
Path Slack       : 1.913 ns  (Passed)


Source Clock Path
Name                                      Cell/Site Name     Delay Name       Incr   Arrival/Required Time  Fanout  
----------------------------------------  -----------------  ---------------  -----  ---------------------  ------  
hf_osc/CLKHF                              HFOSC_HFOSC_R1C32  CLOCK LATENCY    0.000                  0.000  17      
lab1_counter_ei_inst/clk_c                                   NET DELAY        3.084                  3.084  17      
{lab1_counter_ei_inst/counter_47__i10/CK   lab1_counter_ei_inst/counter_47__i11/CK}
                                                             CLOCK PIN        0.000                  3.084  1       


Data Path
Name                                      Cell/Site Name     Delay Name       Incr   Arrival/Required Time  Fanout  
----------------------------------------  -----------------  ---------------  -----  ---------------------  ------  
lab1_counter_ei_inst/counter_47__i11/CK->lab1_counter_ei_inst/counter_47__i11/Q
                                          SLICE_R10C22B      CLK_TO_Q1_DELAY  0.779                  3.863  2       
lab1_counter_ei_inst/counter[10]                             NET DELAY        0.882                  4.745  2       
lab1_counter_ei_inst/counter_47_add_4_11/C1->lab1_counter_ei_inst/counter_47_add_4_11/S1
                                          SLICE_R10C22B      C1_TO_F1_DELAY   0.252                  4.997  1       
lab1_counter_ei_inst/n105[10]                                NET DELAY        0.000                  4.997  1       
lab1_counter_ei_inst/counter_47__i11/D                       ENDPOINT         0.000                  4.997  1       


Destination Clock Path
Name                                      Cell/Site Name     Delay Name       Incr   Arrival/Required Time  Fanout  
----------------------------------------  -----------------  ---------------  -----  ---------------------  ------  
                                                             CONSTRAINT       0.000                  0.000  1       
hf_osc/CLKHF                              HFOSC_HFOSC_R1C32  CLOCK LATENCY    0.000                  0.000  17      
lab1_counter_ei_inst/clk_c                                   NET DELAY        3.084                  3.084  17      
{lab1_counter_ei_inst/counter_47__i10/CK   lab1_counter_ei_inst/counter_47__i11/CK}
                                                             CLOCK PIN        0.000                  3.084  1       
                                                             Uncertainty      0.000                  3.084  
                                                             Hold time        0.000                  3.084  
----------------------------------------  -----------------  ---------------  -----  ---------------------  ------  
Required Time                                                                                       -3.084  
Arrival Time                                                                                         4.997  
----------------------------------------  -----------------  ---------------  -----  ---------------------  ------  
Path Slack  (Passed)                                                                                 1.913  




++++ Path 7 ++++++++++++++++++++++++++++++++++++++++++++++++++++++++++ 

Path Begin       : lab1_counter_ei_inst/counter_47__i12/Q  (SLICE_R10C22C)
Path End         : lab1_counter_ei_inst/counter_47__i12/D  (SLICE_R10C22C)
Source Clock     : clk_c (R)
Destination Clock: clk_c (R)
Logic Level      : 2
Delay Ratio      : 46.1% (route), 53.9% (logic)
Clock Skew       : 0.000 ns 
Hold Constraint  : 0.000 ns 
Path Slack       : 1.913 ns  (Passed)


Source Clock Path
Name                                      Cell/Site Name     Delay Name       Incr   Arrival/Required Time  Fanout  
----------------------------------------  -----------------  ---------------  -----  ---------------------  ------  
hf_osc/CLKHF                              HFOSC_HFOSC_R1C32  CLOCK LATENCY    0.000                  0.000  17      
lab1_counter_ei_inst/clk_c                                   NET DELAY        3.084                  3.084  17      
{lab1_counter_ei_inst/counter_47__i12/CK   lab1_counter_ei_inst/counter_47__i13/CK}
                                                             CLOCK PIN        0.000                  3.084  1       


Data Path
Name                                      Cell/Site Name     Delay Name       Incr   Arrival/Required Time  Fanout  
----------------------------------------  -----------------  ---------------  -----  ---------------------  ------  
lab1_counter_ei_inst/counter_47__i12/CK->lab1_counter_ei_inst/counter_47__i12/Q
                                          SLICE_R10C22C      CLK_TO_Q0_DELAY  0.779                  3.863  2       
lab1_counter_ei_inst/counter[11]                             NET DELAY        0.882                  4.745  2       
lab1_counter_ei_inst/counter_47_add_4_13/C0->lab1_counter_ei_inst/counter_47_add_4_13/S0
                                          SLICE_R10C22C      C0_TO_F0_DELAY   0.252                  4.997  1       
lab1_counter_ei_inst/n105[11]                                NET DELAY        0.000                  4.997  1       
lab1_counter_ei_inst/counter_47__i12/D                       ENDPOINT         0.000                  4.997  1       


Destination Clock Path
Name                                      Cell/Site Name     Delay Name       Incr   Arrival/Required Time  Fanout  
----------------------------------------  -----------------  ---------------  -----  ---------------------  ------  
                                                             CONSTRAINT       0.000                  0.000  1       
hf_osc/CLKHF                              HFOSC_HFOSC_R1C32  CLOCK LATENCY    0.000                  0.000  17      
lab1_counter_ei_inst/clk_c                                   NET DELAY        3.084                  3.084  17      
{lab1_counter_ei_inst/counter_47__i12/CK   lab1_counter_ei_inst/counter_47__i13/CK}
                                                             CLOCK PIN        0.000                  3.084  1       
                                                             Uncertainty      0.000                  3.084  
                                                             Hold time        0.000                  3.084  
----------------------------------------  -----------------  ---------------  -----  ---------------------  ------  
Required Time                                                                                       -3.084  
Arrival Time                                                                                         4.997  
----------------------------------------  -----------------  ---------------  -----  ---------------------  ------  
Path Slack  (Passed)                                                                                 1.913  




++++ Path 8 ++++++++++++++++++++++++++++++++++++++++++++++++++++++++++ 

Path Begin       : lab1_counter_ei_inst/counter_47__i13/Q  (SLICE_R10C22C)
Path End         : lab1_counter_ei_inst/counter_47__i13/D  (SLICE_R10C22C)
Source Clock     : clk_c (R)
Destination Clock: clk_c (R)
Logic Level      : 2
Delay Ratio      : 46.1% (route), 53.9% (logic)
Clock Skew       : 0.000 ns 
Hold Constraint  : 0.000 ns 
Path Slack       : 1.913 ns  (Passed)


Source Clock Path
Name                                      Cell/Site Name     Delay Name       Incr   Arrival/Required Time  Fanout  
----------------------------------------  -----------------  ---------------  -----  ---------------------  ------  
hf_osc/CLKHF                              HFOSC_HFOSC_R1C32  CLOCK LATENCY    0.000                  0.000  17      
lab1_counter_ei_inst/clk_c                                   NET DELAY        3.084                  3.084  17      
{lab1_counter_ei_inst/counter_47__i12/CK   lab1_counter_ei_inst/counter_47__i13/CK}
                                                             CLOCK PIN        0.000                  3.084  1       


Data Path
Name                                      Cell/Site Name     Delay Name       Incr   Arrival/Required Time  Fanout  
----------------------------------------  -----------------  ---------------  -----  ---------------------  ------  
lab1_counter_ei_inst/counter_47__i13/CK->lab1_counter_ei_inst/counter_47__i13/Q
                                          SLICE_R10C22C      CLK_TO_Q1_DELAY  0.779                  3.863  2       
lab1_counter_ei_inst/counter[12]                             NET DELAY        0.882                  4.745  2       
lab1_counter_ei_inst/counter_47_add_4_13/C1->lab1_counter_ei_inst/counter_47_add_4_13/S1
                                          SLICE_R10C22C      C1_TO_F1_DELAY   0.252                  4.997  1       
lab1_counter_ei_inst/n105[12]                                NET DELAY        0.000                  4.997  1       
lab1_counter_ei_inst/counter_47__i13/D                       ENDPOINT         0.000                  4.997  1       


Destination Clock Path
Name                                      Cell/Site Name     Delay Name       Incr   Arrival/Required Time  Fanout  
----------------------------------------  -----------------  ---------------  -----  ---------------------  ------  
                                                             CONSTRAINT       0.000                  0.000  1       
hf_osc/CLKHF                              HFOSC_HFOSC_R1C32  CLOCK LATENCY    0.000                  0.000  17      
lab1_counter_ei_inst/clk_c                                   NET DELAY        3.084                  3.084  17      
{lab1_counter_ei_inst/counter_47__i12/CK   lab1_counter_ei_inst/counter_47__i13/CK}
                                                             CLOCK PIN        0.000                  3.084  1       
                                                             Uncertainty      0.000                  3.084  
                                                             Hold time        0.000                  3.084  
----------------------------------------  -----------------  ---------------  -----  ---------------------  ------  
Required Time                                                                                       -3.084  
Arrival Time                                                                                         4.997  
----------------------------------------  -----------------  ---------------  -----  ---------------------  ------  
Path Slack  (Passed)                                                                                 1.913  




++++ Path 9 ++++++++++++++++++++++++++++++++++++++++++++++++++++++++++ 

Path Begin       : lab1_counter_ei_inst/counter_47__i14/Q  (SLICE_R10C22D)
Path End         : lab1_counter_ei_inst/counter_47__i14/D  (SLICE_R10C22D)
Source Clock     : clk_c (R)
Destination Clock: clk_c (R)
Logic Level      : 2
Delay Ratio      : 46.1% (route), 53.9% (logic)
Clock Skew       : 0.000 ns 
Hold Constraint  : 0.000 ns 
Path Slack       : 1.913 ns  (Passed)


Source Clock Path
Name                                      Cell/Site Name     Delay Name       Incr   Arrival/Required Time  Fanout  
----------------------------------------  -----------------  ---------------  -----  ---------------------  ------  
hf_osc/CLKHF                              HFOSC_HFOSC_R1C32  CLOCK LATENCY    0.000                  0.000  17      
lab1_counter_ei_inst/clk_c                                   NET DELAY        3.084                  3.084  17      
{lab1_counter_ei_inst/counter_47__i14/CK   lab1_counter_ei_inst/counter_47__i15/CK}
                                                             CLOCK PIN        0.000                  3.084  1       


Data Path
Name                                      Cell/Site Name     Delay Name       Incr   Arrival/Required Time  Fanout  
----------------------------------------  -----------------  ---------------  -----  ---------------------  ------  
lab1_counter_ei_inst/counter_47__i14/CK->lab1_counter_ei_inst/counter_47__i14/Q
                                          SLICE_R10C22D      CLK_TO_Q0_DELAY  0.779                  3.863  2       
lab1_counter_ei_inst/counter[13]                             NET DELAY        0.882                  4.745  2       
lab1_counter_ei_inst/counter_47_add_4_15/C0->lab1_counter_ei_inst/counter_47_add_4_15/S0
                                          SLICE_R10C22D      C0_TO_F0_DELAY   0.252                  4.997  1       
lab1_counter_ei_inst/n105[13]                                NET DELAY        0.000                  4.997  1       
lab1_counter_ei_inst/counter_47__i14/D                       ENDPOINT         0.000                  4.997  1       


Destination Clock Path
Name                                      Cell/Site Name     Delay Name       Incr   Arrival/Required Time  Fanout  
----------------------------------------  -----------------  ---------------  -----  ---------------------  ------  
                                                             CONSTRAINT       0.000                  0.000  1       
hf_osc/CLKHF                              HFOSC_HFOSC_R1C32  CLOCK LATENCY    0.000                  0.000  17      
lab1_counter_ei_inst/clk_c                                   NET DELAY        3.084                  3.084  17      
{lab1_counter_ei_inst/counter_47__i14/CK   lab1_counter_ei_inst/counter_47__i15/CK}
                                                             CLOCK PIN        0.000                  3.084  1       
                                                             Uncertainty      0.000                  3.084  
                                                             Hold time        0.000                  3.084  
----------------------------------------  -----------------  ---------------  -----  ---------------------  ------  
Required Time                                                                                       -3.084  
Arrival Time                                                                                         4.997  
----------------------------------------  -----------------  ---------------  -----  ---------------------  ------  
Path Slack  (Passed)                                                                                 1.913  




++++ Path 10 ++++++++++++++++++++++++++++++++++++++++++++++++++++++++++ 

Path Begin       : lab1_counter_ei_inst/counter_47__i15/Q  (SLICE_R10C22D)
Path End         : lab1_counter_ei_inst/counter_47__i15/D  (SLICE_R10C22D)
Source Clock     : clk_c (R)
Destination Clock: clk_c (R)
Logic Level      : 2
Delay Ratio      : 46.1% (route), 53.9% (logic)
Clock Skew       : 0.000 ns 
Hold Constraint  : 0.000 ns 
Path Slack       : 1.913 ns  (Passed)


Source Clock Path
Name                                      Cell/Site Name     Delay Name       Incr   Arrival/Required Time  Fanout  
----------------------------------------  -----------------  ---------------  -----  ---------------------  ------  
hf_osc/CLKHF                              HFOSC_HFOSC_R1C32  CLOCK LATENCY    0.000                  0.000  17      
lab1_counter_ei_inst/clk_c                                   NET DELAY        3.084                  3.084  17      
{lab1_counter_ei_inst/counter_47__i14/CK   lab1_counter_ei_inst/counter_47__i15/CK}
                                                             CLOCK PIN        0.000                  3.084  1       


Data Path
Name                                      Cell/Site Name     Delay Name       Incr   Arrival/Required Time  Fanout  
----------------------------------------  -----------------  ---------------  -----  ---------------------  ------  
lab1_counter_ei_inst/counter_47__i15/CK->lab1_counter_ei_inst/counter_47__i15/Q
                                          SLICE_R10C22D      CLK_TO_Q1_DELAY  0.779                  3.863  2       
lab1_counter_ei_inst/counter[14]                             NET DELAY        0.882                  4.745  2       
lab1_counter_ei_inst/counter_47_add_4_15/C1->lab1_counter_ei_inst/counter_47_add_4_15/S1
                                          SLICE_R10C22D      C1_TO_F1_DELAY   0.252                  4.997  1       
lab1_counter_ei_inst/n105[14]                                NET DELAY        0.000                  4.997  1       
lab1_counter_ei_inst/counter_47__i15/D                       ENDPOINT         0.000                  4.997  1       


Destination Clock Path
Name                                      Cell/Site Name     Delay Name       Incr   Arrival/Required Time  Fanout  
----------------------------------------  -----------------  ---------------  -----  ---------------------  ------  
                                                             CONSTRAINT       0.000                  0.000  1       
hf_osc/CLKHF                              HFOSC_HFOSC_R1C32  CLOCK LATENCY    0.000                  0.000  17      
lab1_counter_ei_inst/clk_c                                   NET DELAY        3.084                  3.084  17      
{lab1_counter_ei_inst/counter_47__i14/CK   lab1_counter_ei_inst/counter_47__i15/CK}
                                                             CLOCK PIN        0.000                  3.084  1       
                                                             Uncertainty      0.000                  3.084  
                                                             Hold time        0.000                  3.084  
----------------------------------------  -----------------  ---------------  -----  ---------------------  ------  
Required Time                                                                                       -3.084  
Arrival Time                                                                                         4.997  
----------------------------------------  -----------------  ---------------  -----  ---------------------  ------  
Path Slack  (Passed)                                                                                 1.913  



+++++++++++++++++++++++++++++++++++++++++++++++++++++++++++++++++++++ 
                    End of Detailed Report for timing paths 
+++++++++++++++++++++++++++++++++++++++++++++++++++++++++++++++++++++ 


##########################################################



